wtc1f01	Shi05M	0.2244391192199723	726
wtc1f03	Denisova06M	0.34659946152926263	1413
wtc1f03	Lee01M	0.5755648869841024	1409
wtc1f03	LeeSH01M	0.44705826933479365	1406
wtc1f03	Lin04M	0.42170299677414386	1403
wtc1f03	Lou01M	0.4489841785507919	1413
wtc1f03	MiyashitaM01M	0.32330588677239236	1413
wtc1f03	Mizumoto03M	0.3910032494808903	1405
wtc1f03	SunY01M	0.5468832823548913	1411
wtc1f03	Zhou01M	0.46527145308561113	1411
wtc1f03	m2013_01	0.5104135392629496	1403
wtc1f03	m2013_02	0.3607647344038553	1392
wtc1f04	m2014_01	0.2416419138098758	1307
wtc1f04	m2017_02	0.40852816860560137	1305
wtc1f04	m2018_03	0.13353841624448223	1307
wtc1f05	m2011_01	0.399054920082823	765
wtc1f05	m2017_02	0.35663636187483627	768
wtc1f06	m2011_01	0.5497183865447192	715
wtc1f08	m2015_01	0.38325419045132814	1375
wtc1f08	m2017_02	0.41983099863533596	1374
wtc1f08	m2017_03	0.3540057793661376	1373
wtc1f08	m2017_04	0.3483327831191239	1369
wtc1f08	m2017_05	0.46370445564766516	1365
wtc1f09	LuA01M	0.4264510514647218	728
wtc1f09	MiyashitaM01M	0.45596410468676746	726
wtc1f09	Ozaki01M	0.33209155475877433	728
wtc1f09	Richardson01M	0.40313679771631805	724
wtc1f09	WangA01M	0.4138317184389692	726
wtc1f09	m2013_01	0.4575200854878784	725
wtc1f10	m2015_01	0.5738846022046338	810
wtc1f11	LuoJ01M	0.4864397791933852	684
wtc1f12	Bult-ItoS02M	0.2901227152797805	1315
wtc1f12	Lan01M	0.23231985434291966	1309
wtc1f12	Lisiecki04M	0.392281615154023	1307
wtc1f12	ToA01M	0.46515454486311075	1317
wtc1f12	WangA01M	0.14691497362586572	1315
wtc1f12	YuP01M	0.35232522132341765	1316
wtc1f12	m2011_01	0.22776333555043052	1299
wtc1f13	VuV01M	0.5150218615229107	858
wtc1f13	Zhang01M	0.571692256385099	860
wtc1f15	Ko04M	0.2636169322922362	1713
wtc1f15	Nikiforov05M	0.37024119062037913	1711
wtc1f15	Tetzloff04M	0.3028032916516912	1713
wtc1f15	TuanS01M	0.2543385925961702	1707
wtc1f15	YoungS01M	0.4204676585269292	1708
wtc1f15	ZhangH04M	0.32291891156143526	1712
wtc1f15	m2013_01	0.23723455232264748	1679
wtc1f17	Song04M	0.3322450257707097	859
wtc1f17	m2013_01	0.33541676992594927	872
wtc1f18	LeeN01M	0.5831306689322688	780
wtc1f18	Shychko01M	0.39035803928365376	792
wtc1f18	TongB01M	0.4914084143102893	790
wtc1f18	m2013_01	0.36792632886678095	793
wtc1f19	SunD01M	0.4076634371807569	1176
wtc1f20	Rizikov01M	0.3178135169872777	2364
wtc1f20	Teo01M	0.41233302413407313	2363
wtc1f20	ZhangE01M	0.513639703213894	2331
wtc1f20	m2011_01	0.3165983978489746	2358
wtc1f21	SOLOM02	0.295971332350234	946
wtc1f22	HuNY01M	0.45270785155658283	734
wtc1f22	Sham01M	0.3773152674378575	734
wtc1f22	m2013_01	0.31304511129416523	730
wtc1f22	m2013_02	0.30570161537200735	730
wtc1f22	m2013_03	0.5765429338863824	731
wtc1f23	GonzalezJ05M	0.34355915872113174	830
wtc1p01	Shi05M	-0.23958445074757775	547
wtc1p03	Denisova06M	0.2354174260936614	808
wtc1p03	Lee01M	0.4411440787638382	806
wtc1p03	LeeSH01M	0.4982639889403297	807
wtc1p03	Lin04M	0.35981973476152157	807
wtc1p03	Lou01M	0.3823688077494377	810
wtc1p03	MiyashitaM01M	0.3837322485022387	806
wtc1p03	Mizumoto03M	0.2748832871814182	806
wtc1p03	SunY01M	0.543654140663579	809
wtc1p03	Zhou01M	0.6023472900029314	808
wtc1p03	m2013_01	0.5098622245503543	809
wtc1p03	m2013_02	0.26157474078424275	809
wtc1p04	m2014_01	0.48709369214151677	655
wtc1p04	m2017_02	0.5822707824726236	654
wtc1p04	m2018_03	0.44480807885574636	648
wtc1p05	m2011_01	0.5360478646767901	716
wtc1p05	m2017_02	0.2527415626599837	716
wtc1p06	m2011_01	0.457904548384068	778
wtc1p08	m2015_01	0.2876318107098641	668
wtc1p08	m2017_02	0.29959667974870463	671
wtc1p08	m2017_03	0.41247113356380516	669
wtc1p08	m2017_04	0.26864159892652983	677
wtc1p08	m2017_05	0.3449393151747086	672
wtc1p09	LuA01M	0.7154726135019551	439
wtc1p09	MiyashitaM01M	0.6355335603289585	437
wtc1p09	Ozaki01M	0.5741047817835891	438
wtc1p09	Richardson01M	0.6675739860592788	437
wtc1p09	WangA01M	0.6410618551449707	439
wtc1p09	m2013_01	0.6310895867724768	421
wtc1p10	m2015_01	0.4303006837168519	1145
wtc1p11	LuoJ01M	0.4694180572941397	777
wtc1p12	Bult-ItoS02M	0.6088941926715371	530
wtc1p12	Lan01M	0.5377061039225773	533
wtc1p12	Lisiecki04M	0.6031204259088255	529
wtc1p12	ToA01M	0.700598679294878	531
wtc1p12	WangA01M	0.4428749347932491	519
wtc1p12	YuP01M	0.5588070502880527	531
wtc1p13	VuV01M	0.4968235884805105	421
wtc1p13	Zhang01M	0.6705354281035905	427
wtc1p15	Ko04M	0.39814111217105147	607
wtc1p15	Nikiforov05M	0.40159708995692983	604
wtc1p15	Tetzloff04M	0.36768491190771124	606
wtc1p15	TuanS01M	0.2684853798610438	601
wtc1p15	YoungS01M	0.5124763659590976	602
wtc1p15	ZhangH04M	0.4708827710331762	604
wtc1p15	m2013_01	0.3624785197574625	604
wtc1p17	Song04M	0.383386584745456	670
wtc1p17	m2013_01	0.24534566487910087	657
wtc1p18	LeeN01M	0.5435815368490126	555
wtc1p18	Shychko01M	0.4423361904696338	557
wtc1p18	TongB01M	0.4785437654012826	555
wtc1p18	m2013_01	0.4328836183934153	553
wtc1p19	SunD01M	0.4472895613818118	608
wtc1p20	Rizikov01M	7.927387793695552e-2	602
wtc1p20	Teo01M	0.39345380058584006	602
wtc1p20	ZhangE01M	0.39086655918023333	599
wtc1p21	SOLOM02	0.25910250717927197	628
wtc1p22	HuNY01M	0.5324336175827303	760
wtc1p22	Sham01M	0.43695841388146983	770
wtc1p22	m2013_01	0.4776345396753584	762
wtc1p22	m2013_02	0.40727651312320845	773
wtc1p22	m2013_03	0.5609094962550387	770
wtc1p23	GonzalezJ05M	0.5470042111051391	411
wtc2f01	ChenW01M	0.16135636490166458	1037
wtc2f01	LeeE01M	0.2894597688195184	1025
wtc2f01	MaximovI01M	0.2232499395827602	1037
wtc2f02	m2011_01	0.14441566744727805	646
wtc2f04	Lisiecki02	0.41578783513534007	1338
wtc2f04	Lisiecki13M	0.3757459513289781	1339
wtc2f05	BianF01	0.48725970894520954	861
wtc2f05	Kurz01M	0.6094248321775014	857
wtc2f05	WongWY01M	0.517026619587544	861
wtc2f05	m2013_01	0.6626670558409904	861
wtc2f06	Ahfat01M	0.35730215530373827	778
wtc2f06	CaoJ01M	0.5305734252680167	779
wtc2f06	m2013_01	0.38254543097532834	789
wtc2f07	SirajA01M	0.5191155671987658	684
wtc2f07	Song01M	0.4906789696688369	700
wtc2f08	m2013_01	0.37580681182657627	1004
wtc2f11	LeungR01M	0.44872131234288953	968
wtc2f11	Sun02	0.17454430880836846	966
wtc2f11	WangA04M	0.118124109581628	964
wtc2f14	GuoE01M	0.536106649235691	1391
wtc2f14	Herbert02	0.44596523668969934	1390
wtc2f14	KaiRuiR03	0.30739526675754547	1392
wtc2f14	Khmara04	0.3026672297651208	1384
wtc2f14	Lim01	0.3436364575909162	1390
wtc2f14	LuM01M	0.3022701086999791	1392
wtc2f15	LiA01M	0.4159162498581346	681
wtc2f16	Chon02	0.2715558038686103	1620
wtc2f16	Guo01M	0.3115066570703029	1629
wtc2f16	Huang04M	0.4043993932290043	1630
wtc2f16	JeonH01M	0.30736155892273526	1622
wtc2f16	SINKEV01	0.2886138037416134	1631
wtc2f16	SINKEV06	0.27281203319180336	1632
wtc2f18	LiYZ01M	0.5748467019289921	1517
wtc2f19	ZhaoK01M	0.6095293802793262	745
wtc2f20	Giesbrecht01M	0.35915116779360906	725
wtc2f20	LiuY01M	0.11812198851222823	726
wtc2f20	MunA01M	0.2603589862936839	726
wtc2f20	Wang01M	0.2308672521218613	726
wtc2f20	YangY02M	0.34581808100292527	723
wtc2f20	ZhangW02M	0.2815300770993721	724
wtc2f20	m2013_01	0.3175088526586965	729
wtc2f22	Duepree06M	0.3216943383032347	1738
wtc2f23	Hou01M	0.24315876521467206	1298
wtc2f23	KabuliL01M	0.5970249913014507	1304
wtc2f24	Kleisen04M	0.21503347103292253	954
wtc2f24	Levitsky04M	0.1509291048743813	969
wtc2f24	Wong01M	0.5001521939829316	960
wtc2p01	ChenW01M	0.4513944825844322	831
wtc2p01	LeeE01M	0.5605100314622823	831
wtc2p01	MaximovI01M	0.6100348358016494	829
wtc2p02	m2011_01	0.4135595008118104	683
wtc2p04	Lisiecki02	0.4822432477034787	1037
wtc2p04	Lisiecki13M	0.48720215088453706	1034
wtc2p05	BianF01M	0.46827539099681564	1454
wtc2p05	WongWY01M	0.3378483026465668	1455
wtc2p05	m2013_01	0.4505458053160513	1466
wtc2p06	Ahfat01M	0.17202678466481713	1070
wtc2p06	CaoJ01M	0.3540351910676586	1072
wtc2p06	HONG04M	0.21340866723651036	1075
wtc2p06	m2013_01	0.32138782801807386	1074
wtc2p07	SirajA01M	0.5577285052127983	901
wtc2p07	Song01M	0.3987845001424796	904
wtc2p08	m2013_01	0.3775552460511636	950
wtc2p11	LeungR01M	0.448503547073731	768
wtc2p11	Sun02	0.22005584194802097	759
wtc2p11	WangA04M	0.3330553558813428	751
wtc2p14	GuoE01M	0.7160791025111312	880
wtc2p14	Lim01	0.5122842531287214	880
wtc2p14	LuM01M	0.6931120322399954	876
wtc2p14	m2013_01	0.6431924048180107	881
wtc2p14	m2017_02	0.6281834033402353	880
wtc2p15	LiA01M	0.5028566768299908	882
wtc2p16	Chon02	0.36127819302975595	491
wtc2p16	Guo01M	0.36518074887109725	491
wtc2p16	Huang04M	0.3188895708656441	493
wtc2p16	JeonH01M	0.38780909442476014	491
wtc2p16	SINKEV01	0.42076208345292404	492
wtc2p16	SINKEV06	0.37564465010203635	492
wtc2p18	LiYZ01M	0.3282402233918282	1221
wtc2p19	ZhaoK01M	0.7337887024221371	671
wtc2p20	Giesbrecht01M	0.421244244645133	767
wtc2p20	LiuY01M	0.5139839119076898	768
wtc2p20	MunA01M	0.49939877393619986	770
wtc2p20	Wang01M	0.4874112751141397	766
wtc2p20	YangY02M	0.4794862355531104	764
wtc2p20	ZhangW02M	0.4863544540264255	766
wtc2p20	m2013_01	0.6712740368799126	765
wtc2p22	BLINOV04M	0.4591117401626462	1175
wtc2p22	Duepree06M	0.5500798656947548	1175
wtc2p23	Hou01M	0.19016361498932952	1035
wtc2p23	KabuliL01M	0.4149574816674725	1037
wtc2p24	Kleisen04M	0.4981052076337743	874
wtc2p24	Levitsky04M	0.5124484686034986	874
wtc2p24	Wong01M	0.6597584362544778	867
# 72 pieces, grand mean velocity r = 0.40504656307287923
